first_name,last_name,gender,birthday,email,phone
Lydia,Longbottom,female,1900-01-01,lydia.l@example.com,415-555-1212
Enrique,Yee,male,1972-01-01,enrique.y@example.com,415-555-1212
Latoya,Bosh,female,1978-01-01,latoya.b@example.com,415-555-1212
Anton,Cook,male,1930-01-01,anton.c@example.com,415-555-1212
Frederik,Morrow,male,1990-01-01,frederik.m@example.com,415-555-1212
Chad,Oberweis,male,1982-01-01,chad.o@example.com,415-555-1212
Matt,Freeman,male,1970-01-01,matt.f@example.com,415-555-1212
Liza,Pfieffer,female,1992-01-01,liza.p@example.com,415-555-1212
Xochi,Delgado,female,1984-01-01,xochi.d@example.com,415-555-1212